postcode.prefix	county
AL1	"Hertfordshire"
AL10	"Hertfordshire"
AL2	"Hertfordshire"
AL3	"Bedfordshire"
AL3	"Hertfordshire"
AL4	"Hertfordshire"
AL5	"Bedfordshire"
AL5	"Hertfordshire"
AL6	"Hertfordshire"
AL7	"Hertfordshire"
AL8	"Hertfordshire"
AL9	"Hertfordshire"
B1	"West Midlands"
B10	"West Midlands"
B11	"West Midlands"
B12	"West Midlands"
B13	"West Midlands"
B14	"West Midlands"
B14	"Worcestershire"
B15	"West Midlands"
B16	"West Midlands"
B17	"West Midlands"
B18	"West Midlands"
B19	"West Midlands"
B2	"West Midlands"
B20	"West Midlands"
B21	"West Midlands"
B22	"West Midlands"
B23	"West Midlands"
B24	"West Midlands"
B25	"West Midlands"
B26	"West Midlands"
B27	"West Midlands"
B28	"West Midlands"
B29	"West Midlands"
B3	"West Midlands"
B30	"West Midlands"
B31	"West Midlands"
B31	"Worcestershire"
B32	"West Midlands"
B32	"Worcestershire"
B33	"West Midlands"
B34	"West Midlands"
B35	"West Midlands"
B36	"West Midlands"
B37	"West Midlands"
B38	"West Midlands"
B38	"Worcestershire"
B4	"West Midlands"
B40	"West Midlands"
B42	"West Midlands"
B43	"West Midlands"
B44	"West Midlands"
B45	"West Midlands"
B45	"Worcestershire"
B46	"Warwickshire"
B46	"West Midlands"
B47	"Warwickshire"
B47	"West Midlands"
B47	"Worcestershire"
B48	"Warwickshire"
B48	"West Midlands"
B48	"Worcestershire"
B49	"Warwickshire"
B49	"Worcestershire"
B5	"West Midlands"
B50	"Warwickshire"
B50	"Worcestershire"
B6	"West Midlands"
B60	"Worcestershire"
B61	"Worcestershire"
B62	"West Midlands"
B62	"Worcestershire"
B63	"West Midlands"
B64	"West Midlands"
B65	"West Midlands"
B66	"West Midlands"
B67	"West Midlands"
B68	"West Midlands"
B69	"West Midlands"
B7	"West Midlands"
B70	"West Midlands"
B71	"West Midlands"
B72	"West Midlands"
B73	"West Midlands"
B74	"Staffordshire"
B74	"West Midlands"
B75	"Staffordshire"
B75	"Warwickshire"
B75	"West Midlands"
B76	"Warwickshire"
B76	"West Midlands"
B77	"Staffordshire"
B77	"Warwickshire"
B78	"Staffordshire"
B78	"Warwickshire"
B79	"Leicestershire"
B79	"Staffordshire"
B79	"Warwickshire"
B8	"West Midlands"
B80	"Warwickshire"
B80	"West Midlands"
B80	"Worcestershire"
B9	"West Midlands"
B90	"West Midlands"
B90	"Worcestershire"
B91	"West Midlands"
B92	"West Midlands"
B93	"Warwickshire"
B93	"West Midlands"
B94	"Warwickshire"
B94	"West Midlands"
B95	"Warwickshire"
B96	"Warwickshire"
B96	"Worcestershire"
B97	"Warwickshire"
B97	"Worcestershire"
B98	"Warwickshire"
B98	"Worcestershire"
B99	"West Midlands"
BA1	"Gloucestershire"
BA1	"Somerset"
BA1	"Wiltshire"
BA10	"Somerset"
BA11	"Somerset"
BA11	"Wiltshire"
BA12	"Somerset"
BA12	"Wiltshire"
BA13	"Somerset"
BA13	"Wiltshire"
BA14	"Wiltshire"
BA15	"Somerset"
BA15	"Wiltshire"
BA16	"Somerset"
BA2	"Somerset"
BA2	"Wiltshire"
BA20	"Somerset"
BA21	"Dorset"
BA21	"Somerset"
BA22	"Dorset"
BA22	"Somerset"
BA3	"Somerset"
BA3	"Wiltshire"
BA4	"Somerset"
BA5	"Somerset"
BA6	"Somerset"
BA7	"Somerset"
BA8	"Dorset"
BA8	"Somerset"
BA9	"Somerset"
BB0	"Lancashire"
BB1	"Lancashire"
BB10	"Lancashire"
BB11	"Lancashire"
BB12	"Lancashire"
BB18	"Lancashire"
BB18	"North Yorkshire"
BB2	"Lancashire"
BB3	"Lancashire"
BB4	"Lancashire"
BB5	"Lancashire"
BB6	"Lancashire"
BB7	"Lancashire"
BB8	"Lancashire"
BB8	"North Yorkshire"
BB9	"Lancashire"
BB94	"Lancashire"
BD1	"West Yorkshire"
BD10	"West Yorkshire"
BD11	"West Yorkshire"
BD12	"West Yorkshire"
BD13	"West Yorkshire"
BD14	"West Yorkshire"
BD15	"West Yorkshire"
BD16	"West Yorkshire"
BD17	"West Yorkshire"
BD18	"West Yorkshire"
BD19	"West Yorkshire"
BD2	"West Yorkshire"
BD20	"North Yorkshire"
BD20	"West Yorkshire"
BD21	"West Yorkshire"
BD22	"North Yorkshire"
BD22	"West Yorkshire"
BD23	"Lancashire"
BD23	"North Yorkshire"
BD24	"North Yorkshire"
BD3	"West Yorkshire"
BD4	"West Yorkshire"
BD5	"West Yorkshire"
BD6	"West Yorkshire"
BD7	"West Yorkshire"
BD8	"West Yorkshire"
BD9	"West Yorkshire"
BD97	"West Yorkshire"
BD98	"West Yorkshire"
BD99	"West Yorkshire"
BH1	"Dorset"
BH10	"Dorset"
BH11	"Dorset"
BH12	"Dorset"
BH13	"Dorset"
BH14	"Dorset"
BH15	"Dorset"
BH16	"Dorset"
BH17	"Dorset"
BH18	"Dorset"
BH19	"Dorset"
BH2	"Dorset"
BH20	"Dorset"
BH21	"Dorset"
BH21	"Hampshire"
BH22	"Dorset"
BH23	"Dorset"
BH23	"Hampshire"
BH24	"Dorset"
BH24	"Hampshire"
BH25	"Hampshire"
BH3	"Dorset"
BH31	"Dorset"
BH31	"Hampshire"
BH4	"Dorset"
BH5	"Dorset"
BH6	"Dorset"
BH7	"Dorset"
BH8	"Dorset"
BH9	"Dorset"
BL0	"Greater Manchester"
BL0	"Lancashire"
BL1	"Greater Manchester"
BL11	"Greater Manchester"
BL2	"Greater Manchester"
BL3	"Greater Manchester"
BL4	"Greater Manchester"
BL5	"Greater Manchester"
BL6	"Greater Manchester"
BL6	"Lancashire"
BL7	"Greater Manchester"
BL7	"Lancashire"
BL78	"Greater Manchester"
BL8	"Greater Manchester"
BL8	"Lancashire"
BL9	"Greater Manchester"
BL9	"Lancashire"
BN1	"East Sussex"
BN1	"West Sussex"
BN10	"East Sussex"
BN11	"West Sussex"
BN12	"West Sussex"
BN13	"West Sussex"
BN14	"West Sussex"
BN15	"West Sussex"
BN16	"West Sussex"
BN17	"West Sussex"
BN18	"West Sussex"
BN2	"East Sussex"
BN20	"East Sussex"
BN21	"East Sussex"
BN21	"West Sussex"
BN22	"East Sussex"
BN23	"East Sussex"
BN24	"East Sussex"
BN25	"East Sussex"
BN26	"East Sussex"
BN27	"East Sussex"
BN3	"East Sussex"
BN4	"East Sussex"
BN4	"West Sussex"
BN41	"East Sussex"
BN41	"West Sussex"
BN42	"East Sussex"
BN42	"West Sussex"
BN43	"West Sussex"
BN44	"West Sussex"
BN45	"East Sussex"
BN45	"West Sussex"
BN5	"West Sussex"
BN50	"East Sussex"
BN51	"East Sussex"
BN52	"East Sussex"
BN6	"East Sussex"
BN6	"West Sussex"
BN7	"East Sussex"
BN8	"East Sussex"
BN8	"West Sussex"
BN88	"East Sussex"
BN9	"East Sussex"
BN99	"West Sussex"
BR1	"Greater London"
BR2	"Greater London"
BR3	"Greater London"
BR4	"Greater London"
BR5	"Greater London"
BR6	"Greater London"
BR6	"Kent"
BR7	"Greater London"
BR8	"Greater London"
BR8	"Kent"
BS0	"Somerset"
BS1	"Bristol"
BS1	"Somerset"
BS10	"Bristol"
BS10	"Gloucestershire"
BS11	"Bristol"
BS12	"Gloucestershire"
BS13	"Bristol"
BS13	"Somerset"
BS14	"Bristol"
BS14	"Somerset"
BS15	"Bristol"
BS15	"Gloucestershire"
BS16	"Bristol"
BS16	"Gloucestershire"
BS17	"Gloucestershire"
BS18	"Bristol"
BS18	"Gloucestershire"
BS18	"Somerset"
BS19	"Somerset"
BS2	"Bristol"
BS20	"Somerset"
BS21	"Somerset"
BS22	"Somerset"
BS23	"Somerset"
BS24	"Somerset"
BS25	"Somerset"
BS26	"Somerset"
BS27	"Somerset"
BS28	"Somerset"
BS29	"Somerset"
BS3	"Bristol"
BS3	"Somerset"
BS30	"Gloucestershire"
BS31	"Bristol"
BS31	"Gloucestershire"
BS31	"Somerset"
BS32	"Gloucestershire"
BS34	"Bristol"
BS34	"Gloucestershire"
BS35	"Gloucestershire"
BS36	"Gloucestershire"
BS37	"Gloucestershire"
BS39	"Somerset"
BS4	"Bristol"
BS40	"Bristol"
BS40	"Somerset"
BS41	"Bristol"
BS41	"Somerset"
BS48	"Somerset"
BS49	"Somerset"
BS5	"Bristol"
BS6	"Bristol"
BS7	"Bristol"
BS7	"Gloucestershire"
BS77	"Bristol"
BS8	"Bristol"
BS8	"Somerset"
BS80	"Gloucestershire"
BS80	"Somerset"
BS9	"Bristol"
BS98	"Bristol"
BS99	"Bristol"
CA1	"Cumbria"
CA10	"Cumbria"
CA11	"Cumbria"
CA12	"Cumbria"
CA13	"Cumbria"
CA14	"Cumbria"
CA15	"Cumbria"
CA16	"Cumbria"
CA17	"Cumbria"
CA18	"Cumbria"
CA19	"Cumbria"
CA2	"Cumbria"
CA20	"Cumbria"
CA21	"Cumbria"
CA22	"Cumbria"
CA23	"Cumbria"
CA24	"Cumbria"
CA25	"Cumbria"
CA26	"Cumbria"
CA27	"Cumbria"
CA28	"Cumbria"
CA3	"Cumbria"
CA4	"Cumbria"
CA5	"Cumbria"
CA6	"Cumbria"
CA6	"Northumberland"
CA7	"Cumbria"
CA8	"Cumbria"
CA8	"Northumberland"
CA9	"Cumbria"
CA9	"Northumberland"
CA95	"Cumbria"
CA99	"Cumbria"
CB1	"Cambridgeshire"
CB1	"Essex"
CB10	"Cambridgeshire"
CB10	"Essex"
CB11	"Essex"
CB2	"Cambridgeshire"
CB21	"Cambridgeshire"
CB21	"Essex"
CB22	"Cambridgeshire"
CB23	"Cambridgeshire"
CB24	"Cambridgeshire"
CB25	"Cambridgeshire"
CB3	"Cambridgeshire"
CB4	"Cambridgeshire"
CB5	"Cambridgeshire"
CB6	"Cambridgeshire"
CB6	"Essex"
CB6	"Norfolk"
CB7	"Cambridgeshire"
CB7	"Suffolk"
CB8	"Cambridgeshire"
CB8	"Suffolk"
CB9	"Essex"
CB9	"Suffolk"
CH1	"Cheshire"
CH2	"Cheshire"
CH25	"Merseyside"
CH26	"Merseyside"
CH27	"Merseyside"
CH28	"Merseyside"
CH29	"Merseyside"
CH3	"Cheshire"
CH30	"Merseyside"
CH31	"Merseyside"
CH32	"Merseyside"
CH33	"Cheshire"
CH34	"Cheshire"
CH4	"Cheshire"
CH41	"Merseyside"
CH42	"Merseyside"
CH43	"Merseyside"
CH44	"Merseyside"
CH45	"Merseyside"
CH46	"Merseyside"
CH47	"Merseyside"
CH48	"Merseyside"
CH49	"Merseyside"
CH60	"Merseyside"
CH61	"Merseyside"
CH62	"Cheshire"
CH62	"Merseyside"
CH63	"Cheshire"
CH63	"Merseyside"
CH64	"Cheshire"
CH64	"Merseyside"
CH65	"Cheshire"
CH65	"Merseyside"
CH66	"Cheshire"
CH70	"Cheshire"
CH88	"Cheshire"
CH99	"Cheshire"
CM0	"Essex"
CM1	"Essex"
CM11	"Essex"
CM12	"Essex"
CM13	"Essex"
CM13	"Greater London"
CM14	"Essex"
CM14	"Greater London"
CM15	"Essex"
CM16	"Essex"
CM17	"Essex"
CM18	"Essex"
CM19	"Essex"
CM19	"Hertfordshire"
CM2	"Essex"
CM20	"Essex"
CM20	"Hertfordshire"
CM21	"Essex"
CM21	"Hertfordshire"
CM22	"Essex"
CM22	"Hertfordshire"
CM23	"Essex"
CM23	"Greater London"
CM23	"Hertfordshire"
CM24	"Essex"
CM3	"Essex"
CM4	"Essex"
CM5	"Essex"
CM6	"Essex"
CM7	"Essex"
CM77	"Essex"
CM8	"Essex"
CM9	"Essex"
CM92	"Essex"
CM98	"Essex"
CM99	"Essex"
CO1	"Essex"
CO10	"Essex"
CO10	"Suffolk"
CO11	"Essex"
CO11	"Suffolk"
CO12	"Essex"
CO13	"Essex"
CO14	"Essex"
CO15	"Essex"
CO16	"Essex"
CO2	"Essex"
CO3	"Essex"
CO3	"Suffolk"
CO4	"Essex"
CO5	"Essex"
CO6	"Essex"
CO6	"Suffolk"
CO7	"Essex"
CO7	"Suffolk"
CO8	"Essex"
CO8	"Suffolk"
CO9	"Essex"
CO9	"Suffolk"
CR0	"Greater London"
CR2	"Greater London"
CR2	"Surrey"
CR3	"Greater London"
CR3	"Surrey"
CR4	"Greater London"
CR44	"Greater London"
CR5	"Greater London"
CR5	"Surrey"
CR6	"Greater London"
CR6	"Surrey"
CR7	"Greater London"
CR8	"Greater London"
CR8	"Surrey"
CR9	"Greater London"
CR90	"Greater London"
CT1	"Kent"
CT10	"Kent"
CT11	"Kent"
CT12	"Kent"
CT13	"Kent"
CT14	"Kent"
CT15	"Kent"
CT16	"Kent"
CT17	"Kent"
CT18	"Kent"
CT19	"Kent"
CT2	"Kent"
CT20	"Kent"
CT21	"Kent"
CT3	"Kent"
CT4	"Kent"
CT5	"Kent"
CT50	"Kent"
CT6	"Kent"
CT7	"Kent"
CT8	"Kent"
CT9	"Kent"
CV1	"West Midlands"
CV10	"Leicestershire"
CV10	"Warwickshire"
CV11	"Leicestershire"
CV11	"Warwickshire"
CV12	"Warwickshire"
CV12	"West Midlands"
CV13	"Leicestershire"
CV13	"Warwickshire"
CV2	"Warwickshire"
CV2	"West Midlands"
CV21	"Warwickshire"
CV22	"Warwickshire"
CV23	"Northamptonshire"
CV23	"Warwickshire"
CV3	"Warwickshire"
CV3	"West Midlands"
CV31	"Warwickshire"
CV32	"Warwickshire"
CV33	"Warwickshire"
CV34	"Warwickshire"
CV35	"Warwickshire"
CV36	"Warwickshire"
CV37	"Warwickshire"
CV37	"Worcestershire"
CV4	"Warwickshire"
CV4	"West Midlands"
CV47	"Warwickshire"
CV5	"West Midlands"
CV6	"Warwickshire"
CV6	"West Midlands"
CV7	"Warwickshire"
CV7	"West Midlands"
CV8	"Warwickshire"
CV8	"West Midlands"
CV9	"Leicestershire"
CV9	"Warwickshire"
CW1	"Cheshire"
CW10	"Cheshire"
CW11	"Cheshire"
CW12	"Cheshire"
CW12	"Staffordshire"
CW2	"Cheshire"
CW2	"Staffordshire"
CW3	"Cheshire"
CW3	"Shropshire"
CW3	"Staffordshire"
CW4	"Cheshire"
CW5	"Cheshire"
CW6	"Cheshire"
CW7	"Cheshire"
CW8	"Cheshire"
CW9	"Cheshire"
CW98	"Cheshire"
DA1	"Greater London"
DA1	"Kent"
DA10	"Kent"
DA11	"Kent"
DA12	"Kent"
DA13	"Kent"
DA14	"Greater London"
DA14	"Kent"
DA15	"Greater London"
DA16	"Greater London"
DA17	"Greater London"
DA17	"Kent"
DA18	"Greater London"
DA2	"Kent"
DA3	"Kent"
DA4	"Kent"
DA5	"Greater London"
DA5	"Kent"
DA6	"Greater London"
DA7	"Greater London"
DA8	"Greater London"
DA9	"Kent"
DE1	"Derbyshire"
DE1	"Staffordshire"
DE11	"Derbyshire"
DE11	"Leicestershire"
DE12	"Derbyshire"
DE12	"Leicestershire"
DE13	"Derbyshire"
DE13	"Staffordshire"
DE14	"Derbyshire"
DE14	"Staffordshire"
DE15	"Derbyshire"
DE15	"Staffordshire"
DE2	"Derbyshire"
DE21	"Derbyshire"
DE22	"Derbyshire"
DE23	"Derbyshire"
DE24	"Derbyshire"
DE3	"Derbyshire"
DE4	"Derbyshire"
DE45	"Derbyshire"
DE5	"Derbyshire"
DE55	"Derbyshire"
DE55	"Nottinghamshire"
DE56	"Derbyshire"
DE6	"Derbyshire"
DE6	"Staffordshire"
DE65	"Derbyshire"
DE7	"Derbyshire"
DE7	"Leicestershire"
DE7	"Nottinghamshire"
DE72	"Derbyshire"
DE72	"Leicestershire"
DE73	"Derbyshire"
DE73	"Leicestershire"
DE74	"Derbyshire"
DE74	"Leicestershire"
DE74	"Nottinghamshire"
DE75	"Derbyshire"
DE99	"Derbyshire"
DG16	"Cumbria"
DH1	"County Durham"
DH2	"County Durham"
DH2	"Tyne and Wear"
DH3	"County Durham"
DH3	"Tyne and Wear"
DH4	"County Durham"
DH4	"Tyne and Wear"
DH5	"County Durham"
DH5	"Tyne and Wear"
DH6	"County Durham"
DH7	"County Durham"
DH8	"County Durham"
DH8	"Northumberland"
DH9	"County Durham"
DH9	"Tyne and Wear"
DH97	"County Durham"
DH98	"County Durham"
DH98	"Tyne and Wear"
DH99	"County Durham"
DL1	"County Durham"
DL10	"County Durham"
DL10	"North Yorkshire"
DL11	"County Durham"
DL11	"North Yorkshire"
DL12	"County Durham"
DL12	"Cumbria"
DL12	"North Yorkshire"
DL13	"County Durham"
DL14	"County Durham"
DL15	"County Durham"
DL16	"County Durham"
DL17	"County Durham"
DL2	"County Durham"
DL2	"North Yorkshire"
DL3	"County Durham"
DL4	"County Durham"
DL5	"County Durham"
DL6	"North Yorkshire"
DL7	"North Yorkshire"
DL8	"County Durham"
DL8	"North Yorkshire"
DL9	"North Yorkshire"
DL98	"County Durham"
DN1	"Lincolnshire"
DN1	"South Yorkshire"
DN10	"Lincolnshire"
DN10	"Nottinghamshire"
DN10	"South Yorkshire"
DN11	"Nottinghamshire"
DN11	"South Yorkshire"
DN12	"South Yorkshire"
DN14	"East Riding of Yorkshire"
DN14	"Lincolnshire"
DN14	"North Yorkshire"
DN14	"South Yorkshire"
DN15	"Lincolnshire"
DN16	"Lincolnshire"
DN17	"Lincolnshire"
DN17	"North Yorkshire"
DN18	"Lincolnshire"
DN19	"Lincolnshire"
DN2	"South Yorkshire"
DN20	"Lincolnshire"
DN21	"Lincolnshire"
DN21	"Nottinghamshire"
DN22	"Nottinghamshire"
DN3	"South Yorkshire"
DN31	"Lincolnshire"
DN32	"Lincolnshire"
DN33	"Lincolnshire"
DN34	"Lincolnshire"
DN35	"Lincolnshire"
DN36	"Lincolnshire"
DN37	"Lincolnshire"
DN38	"Lincolnshire"
DN39	"Lincolnshire"
DN4	"South Yorkshire"
DN40	"Lincolnshire"
DN41	"Lincolnshire"
DN5	"South Yorkshire"
DN55	"South Yorkshire"
DN6	"North Yorkshire"
DN6	"South Yorkshire"
DN7	"South Yorkshire"
DN8	"East Riding of Yorkshire"
DN8	"Lincolnshire"
DN8	"South Yorkshire"
DN9	"Lincolnshire"
DN9	"Nottinghamshire"
DN9	"South Yorkshire"
DT1	"Dorset"
DT10	"Dorset"
DT10	"Somerset"
DT11	"Dorset"
DT2	"Dorset"
DT3	"Dorset"
DT4	"Dorset"
DT5	"Dorset"
DT6	"Dorset"
DT7	"Devon"
DT7	"Dorset"
DT8	"Dorset"
DT8	"Somerset"
DT9	"Dorset"
DT9	"Somerset"
DY1	"West Midlands"
DY10	"Staffordshire"
DY10	"West Midlands"
DY10	"Worcestershire"
DY11	"Staffordshire"
DY11	"Worcestershire"
DY12	"Shropshire"
DY12	"Worcestershire"
DY13	"Worcestershire"
DY14	"Shropshire"
DY14	"Worcestershire"
DY2	"West Midlands"
DY3	"Staffordshire"
DY3	"West Midlands"
DY4	"West Midlands"
DY5	"West Midlands"
DY6	"Staffordshire"
DY6	"West Midlands"
DY7	"Shropshire"
DY7	"Staffordshire"
DY7	"West Midlands"
DY7	"Worcestershire"
DY8	"Staffordshire"
DY8	"West Midlands"
DY8	"Worcestershire"
DY9	"West Midlands"
DY9	"Worcestershire"
E1	"City of London"
E1	"Greater London"
E10	"Greater London"
E11	"Greater London"
E12	"Greater London"
E13	"Greater London"
E14	"Greater London"
E15	"Greater London"
E16	"Greater London"
E17	"Greater London"
E18	"Greater London"
E1W	"Greater London"
E2	"Greater London"
E20	"Greater London"
E3	"Greater London"
E4	"Essex"
E4	"Greater London"
E5	"Greater London"
E6	"Greater London"
E7	"Greater London"
E77	"Greater London"
E8	"Greater London"
E9	"Greater London"
E98	"Greater London"
EC1A	"City of London"
EC1A	"Greater London"
EC1M	"City of London"
EC1M	"Greater London"
EC1N	"City of London"
EC1N	"Greater London"
EC1P	"Greater London"
EC1R	"City of London"
EC1R	"Greater London"
EC1V	"Greater London"
EC1Y	"City of London"
EC1Y	"Greater London"
EC2A	"City of London"
EC2A	"Greater London"
EC2M	"City of London"
EC2M	"Greater London"
EC2N	"City of London"
EC2N	"Greater London"
EC2P	"City of London"
EC2P	"Greater London"
EC2R	"City of London"
EC2R	"Greater London"
EC2V	"City of London"
EC2V	"Greater London"
EC2Y	"City of London"
EC2Y	"Greater London"
EC3A	"City of London"
EC3A	"Greater London"
EC3B	"City of London"
EC3M	"City of London"
EC3M	"Greater London"
EC3N	"City of London"
EC3N	"Greater London"
EC3P	"City of London"
EC3P	"Greater London"
EC3R	"City of London"
EC3R	"Greater London"
EC3V	"City of London"
EC3V	"Greater London"
EC4A	"City of London"
EC4A	"Greater London"
EC4M	"City of London"
EC4M	"Greater London"
EC4N	"City of London"
EC4N	"Greater London"
EC4P	"City of London"
EC4P	"Greater London"
EC4R	"City of London"
EC4R	"Greater London"
EC4V	"City of London"
EC4V	"Greater London"
EC4Y	"City of London"
EC4Y	"Greater London"
EC50	"Greater London"
EC88	"Greater London"
EN1	"Greater London"
EN10	"Essex"
EN10	"Hertfordshire"
EN11	"Essex"
EN11	"Hertfordshire"
EN2	"Greater London"
EN2	"Hertfordshire"
EN3	"Greater London"
EN4	"Greater London"
EN4	"Hertfordshire"
EN5	"Greater London"
EN5	"Hertfordshire"
EN6	"Greater London"
EN6	"Hertfordshire"
EN7	"Greater London"
EN7	"Hertfordshire"
EN8	"Essex"
EN8	"Greater London"
EN8	"Hertfordshire"
EN9	"Essex"
EN9	"Greater London"
EN9	"Hertfordshire"
EX1	"Devon"
EX10	"Devon"
EX11	"Devon"
EX12	"Devon"
EX13	"Devon"
EX13	"Dorset"
EX13	"Somerset"
EX14	"Devon"
EX14	"Somerset"
EX15	"Devon"
EX16	"Devon"
EX16	"Somerset"
EX17	"Devon"
EX18	"Devon"
EX19	"Devon"
EX2	"Devon"
EX20	"Devon"
EX21	"Devon"
EX22	"Cornwall"
EX22	"Devon"
EX23	"Cornwall"
EX23	"Devon"
EX24	"Devon"
EX3	"Devon"
EX31	"Devon"
EX32	"Devon"
EX33	"Devon"
EX34	"Devon"
EX35	"Devon"
EX35	"Somerset"
EX36	"Devon"
EX36	"Somerset"
EX37	"Devon"
EX38	"Devon"
EX39	"Devon"
EX4	"Devon"
EX5	"Devon"
EX6	"Devon"
EX7	"Devon"
EX8	"Devon"
EX9	"Devon"
FY0	"Lancashire"
FY1	"Lancashire"
FY2	"Lancashire"
FY3	"Lancashire"
FY4	"Lancashire"
FY5	"Lancashire"
FY6	"Lancashire"
FY7	"Lancashire"
FY8	"Lancashire"
GL1	"Gloucestershire"
GL10	"Gloucestershire"
GL11	"Gloucestershire"
GL11	"Shropshire"
GL12	"Gloucestershire"
GL13	"Gloucestershire"
GL14	"Gloucestershire"
GL15	"Gloucestershire"
GL16	"Gloucestershire"
GL17	"Gloucestershire"
GL17	"Herefordshire"
GL18	"Gloucestershire"
GL18	"Herefordshire"
GL19	"Gloucestershire"
GL19	"Worcestershire"
GL2	"Gloucestershire"
GL2	"Worcestershire"
GL20	"Gloucestershire"
GL20	"Worcestershire"
GL3	"Gloucestershire"
GL4	"Gloucestershire"
GL5	"Gloucestershire"
GL50	"Gloucestershire"
GL51	"Gloucestershire"
GL52	"Gloucestershire"
GL53	"Gloucestershire"
GL54	"Gloucestershire"
GL55	"Gloucestershire"
GL55	"Warwickshire"
GL56	"Gloucestershire"
GL56	"Oxfordshire"
GL56	"Warwickshire"
GL6	"Gloucestershire"
GL7	"Gloucestershire"
GL7	"Oxfordshire"
GL7	"Wiltshire"
GL8	"Gloucestershire"
GL8	"Wiltshire"
GL9	"Gloucestershire"
GL9	"Wiltshire"
GU1	"Surrey"
GU10	"Hampshire"
GU10	"Surrey"
GU11	"Hampshire"
GU11	"Surrey"
GU12	"Hampshire"
GU12	"Surrey"
GU13	"Hampshire"
GU14	"Hampshire"
GU14	"Surrey"
GU15	"Berkshire"
GU15	"Surrey"
GU16	"Hampshire"
GU16	"Surrey"
GU17	"Berkshire"
GU17	"Hampshire"
GU17	"Surrey"
GU18	"Surrey"
GU19	"Berkshire"
GU19	"Surrey"
GU2	"Surrey"
GU20	"Surrey"
GU21	"Surrey"
GU22	"Surrey"
GU23	"Surrey"
GU24	"Surrey"
GU25	"Surrey"
GU26	"Hampshire"
GU26	"Surrey"
GU27	"Hampshire"
GU27	"Surrey"
GU27	"West Sussex"
GU28	"West Sussex"
GU29	"West Sussex"
GU3	"Surrey"
GU30	"Hampshire"
GU30	"West Sussex"
GU31	"Hampshire"
GU31	"West Sussex"
GU32	"Hampshire"
GU33	"Hampshire"
GU33	"West Sussex"
GU34	"Hampshire"
GU35	"Hampshire"
GU4	"Surrey"
GU46	"Berkshire"
GU46	"Hampshire"
GU46	"Surrey"
GU47	"Berkshire"
GU47	"Surrey"
GU5	"Surrey"
GU51	"Hampshire"
GU52	"Hampshire"
GU6	"Surrey"
GU7	"Surrey"
GU8	"Surrey"
GU8	"West Sussex"
GU9	"Surrey"
GU95	"Surrey"
HA0	"Greater London"
HA1	"Greater London"
HA2	"Greater London"
HA3	"Greater London"
HA4	"Greater London"
HA5	"Greater London"
HA5	"Hertfordshire"
HA6	"Greater London"
HA6	"Hertfordshire"
HA7	"Greater London"
HA7	"Hertfordshire"
HA8	"Greater London"
HA9	"Greater London"
HD1	"West Yorkshire"
HD2	"West Yorkshire"
HD3	"West Yorkshire"
HD4	"West Yorkshire"
HD5	"West Yorkshire"
HD6	"West Yorkshire"
HD7	"South Yorkshire"
HD7	"West Yorkshire"
HD8	"South Yorkshire"
HD8	"West Yorkshire"
HD9	"South Yorkshire"
HD9	"West Yorkshire"
HG1	"North Yorkshire"
HG2	"North Yorkshire"
HG3	"North Yorkshire"
HG4	"North Yorkshire"
HG5	"North Yorkshire"
HP1	"Hertfordshire"
HP10	"Buckinghamshire"
HP11	"Buckinghamshire"
HP12	"Buckinghamshire"
HP13	"Buckinghamshire"
HP14	"Buckinghamshire"
HP14	"Oxfordshire"
HP15	"Buckinghamshire"
HP16	"Buckinghamshire"
HP17	"Buckinghamshire"
HP18	"Buckinghamshire"
HP18	"Oxfordshire"
HP19	"Buckinghamshire"
HP2	"Hertfordshire"
HP20	"Buckinghamshire"
HP21	"Buckinghamshire"
HP22	"Buckinghamshire"
HP23	"Bedfordshire"
HP23	"Buckinghamshire"
HP23	"Hertfordshire"
HP27	"Buckinghamshire"
HP3	"Hertfordshire"
HP4	"Bedfordshire"
HP4	"Buckinghamshire"
HP4	"Hertfordshire"
HP5	"Buckinghamshire"
HP5	"Hertfordshire"
HP6	"Buckinghamshire"
HP7	"Buckinghamshire"
HP8	"Buckinghamshire"
HP8	"Hertfordshire"
HP9	"Buckinghamshire"
HR1	"Herefordshire"
HR2	"Herefordshire"
HR3	"Herefordshire"
HR4	"Herefordshire"
HR5	"Herefordshire"
HR6	"Herefordshire"
HR7	"Herefordshire"
HR7	"Worcestershire"
HR8	"Gloucestershire"
HR8	"Herefordshire"
HR8	"Worcestershire"
HR9	"Gloucestershire"
HR9	"Herefordshire"
HU1	"East Riding of Yorkshire"
HU10	"East Riding of Yorkshire"
HU11	"East Riding of Yorkshire"
HU12	"East Riding of Yorkshire"
HU13	"East Riding of Yorkshire"
HU14	"East Riding of Yorkshire"
HU15	"East Riding of Yorkshire"
HU16	"East Riding of Yorkshire"
HU17	"East Riding of Yorkshire"
HU18	"East Riding of Yorkshire"
HU19	"East Riding of Yorkshire"
HU2	"East Riding of Yorkshire"
HU20	"East Riding of Yorkshire"
HU3	"East Riding of Yorkshire"
HU4	"East Riding of Yorkshire"
HU5	"East Riding of Yorkshire"
HU6	"East Riding of Yorkshire"
HU7	"East Riding of Yorkshire"
HU8	"East Riding of Yorkshire"
HU9	"East Riding of Yorkshire"
HX1	"West Yorkshire"
HX2	"West Yorkshire"
HX3	"West Yorkshire"
HX4	"West Yorkshire"
HX5	"West Yorkshire"
HX6	"West Yorkshire"
HX7	"West Yorkshire"
IG1	"Greater London"
IG10	"Essex"
IG11	"Greater London"
IG2	"Greater London"
IG3	"Greater London"
IG4	"Essex"
IG4	"Greater London"
IG5	"Greater London"
IG6	"Greater London"
IG7	"Essex"
IG7	"Greater London"
IG8	"Essex"
IG8	"Greater London"
IG9	"Essex"
IG9	"Greater London"
IP1	"Suffolk"
IP10	"Suffolk"
IP11	"Suffolk"
IP12	"Suffolk"
IP13	"Suffolk"
IP14	"Suffolk"
IP15	"Suffolk"
IP16	"Suffolk"
IP17	"Suffolk"
IP18	"Suffolk"
IP19	"Suffolk"
IP2	"Suffolk"
IP20	"Norfolk"
IP20	"Suffolk"
IP21	"Norfolk"
IP21	"Suffolk"
IP22	"Norfolk"
IP22	"Suffolk"
IP23	"Norfolk"
IP23	"Suffolk"
IP24	"Norfolk"
IP24	"Suffolk"
IP25	"Norfolk"
IP26	"Norfolk"
IP26	"Suffolk"
IP27	"Norfolk"
IP27	"Suffolk"
IP28	"Cambridgeshire"
IP28	"Suffolk"
IP29	"Suffolk"
IP3	"Suffolk"
IP30	"Suffolk"
IP31	"Suffolk"
IP32	"Suffolk"
IP33	"Suffolk"
IP4	"Suffolk"
IP5	"Suffolk"
IP6	"Suffolk"
IP7	"Suffolk"
IP8	"Suffolk"
IP9	"Suffolk"
IP98	"Norfolk"
KT1	"Greater London"
KT10	"Surrey"
KT11	"Surrey"
KT12	"Surrey"
KT13	"Surrey"
KT14	"Surrey"
KT15	"Surrey"
KT16	"Surrey"
KT17	"Greater London"
KT17	"Surrey"
KT18	"Greater London"
KT18	"Surrey"
KT19	"Greater London"
KT19	"Surrey"
KT2	"Greater London"
KT2	"Surrey"
KT20	"Surrey"
KT21	"Surrey"
KT22	"Greater London"
KT22	"Surrey"
KT23	"Surrey"
KT24	"Surrey"
KT3	"Greater London"
KT4	"Greater London"
KT4	"Surrey"
KT5	"Greater London"
KT6	"Greater London"
KT6	"Surrey"
KT7	"Greater London"
KT7	"Surrey"
KT8	"Greater London"
KT8	"Surrey"
KT9	"Greater London"
KT9	"Surrey"
L1	"Merseyside"
L10	"Merseyside"
L11	"Merseyside"
L12	"Merseyside"
L13	"Merseyside"
L14	"Merseyside"
L15	"Merseyside"
L16	"Merseyside"
L17	"Merseyside"
L18	"Merseyside"
L19	"Merseyside"
L2	"Merseyside"
L20	"Merseyside"
L21	"Merseyside"
L22	"Merseyside"
L23	"Merseyside"
L24	"Cheshire"
L24	"Merseyside"
L25	"Merseyside"
L26	"Merseyside"
L27	"Merseyside"
L28	"Merseyside"
L29	"Merseyside"
L3	"Merseyside"
L30	"Merseyside"
L31	"Lancashire"
L31	"Merseyside"
L32	"Merseyside"
L33	"Lancashire"
L33	"Merseyside"
L34	"Merseyside"
L35	"Cheshire"
L35	"Merseyside"
L36	"Merseyside"
L37	"Lancashire"
L37	"Merseyside"
L38	"Merseyside"
L39	"Lancashire"
L4	"Merseyside"
L40	"Lancashire"
L41	"Merseyside"
L42	"Merseyside"
L43	"Merseyside"
L44	"Merseyside"
L45	"Merseyside"
L46	"Merseyside"
L47	"Merseyside"
L48	"Merseyside"
L49	"Merseyside"
L5	"Merseyside"
L6	"Merseyside"
L60	"Merseyside"
L61	"Merseyside"
L62	"Cheshire"
L62	"Merseyside"
L63	"Cheshire"
L63	"Merseyside"
L64	"Cheshire"
L64	"Merseyside"
L65	"Cheshire"
L65	"Merseyside"
L66	"Cheshire"
L67	"Merseyside"
L68	"Merseyside"
L69	"Merseyside"
L7	"Merseyside"
L70	"Merseyside"
L71	"Merseyside"
L72	"Merseyside"
L73	"Merseyside"
L74	"Merseyside"
L75	"Merseyside"
L8	"Merseyside"
L80	"Merseyside"
L9	"Merseyside"
LA1	"Lancashire"
LA10	"Cumbria"
LA10	"North Yorkshire"
LA11	"Cumbria"
LA12	"Cumbria"
LA13	"Cumbria"
LA14	"Cumbria"
LA15	"Cumbria"
LA16	"Cumbria"
LA17	"Cumbria"
LA18	"Cumbria"
LA19	"Cumbria"
LA2	"Lancashire"
LA2	"North Yorkshire"
LA20	"Cumbria"
LA21	"Cumbria"
LA22	"Cumbria"
LA23	"Cumbria"
LA3	"Lancashire"
LA4	"Lancashire"
LA5	"Cumbria"
LA5	"Lancashire"
LA6	"Cumbria"
LA6	"Lancashire"
LA6	"North Yorkshire"
LA7	"Cumbria"
LA7	"Lancashire"
LA8	"Cumbria"
LA9	"Cumbria"
LD7	"Shropshire"
LD8	"Herefordshire"
LE1	"Leicestershire"
LE10	"Leicestershire"
LE10	"Warwickshire"
LE11	"Leicestershire"
LE12	"Leicestershire"
LE12	"Nottinghamshire"
LE13	"Leicestershire"
LE14	"Leicestershire"
LE14	"Nottinghamshire"
LE15	"Leicestershire"
LE15	"Northamptonshire"
LE15	"Rutland"
LE16	"Leicestershire"
LE16	"Northamptonshire"
LE16	"Rutland"
LE17	"Leicestershire"
LE17	"Northamptonshire"
LE17	"Warwickshire"
LE18	"Leicestershire"
LE19	"Leicestershire"
LE2	"Leicestershire"
LE21	"Leicestershire"
LE3	"Leicestershire"
LE4	"Leicestershire"
LE41	"Leicestershire"
LE5	"Leicestershire"
LE55	"Leicestershire"
LE6	"Derbyshire"
LE6	"Leicestershire"
LE65	"Derbyshire"
LE65	"Leicestershire"
LE67	"Leicestershire"
LE7	"Leicestershire"
LE8	"Leicestershire"
LE87	"Leicestershire"
LE9	"Leicestershire"
LE94	"Leicestershire"
LE95	"Leicestershire"
LL14	"Shropshire"
LN1	"Lincolnshire"
LN1	"Nottinghamshire"
LN10	"Lincolnshire"
LN11	"Lincolnshire"
LN12	"Lincolnshire"
LN13	"Lincolnshire"
LN2	"Lincolnshire"
LN3	"Lincolnshire"
LN4	"Lincolnshire"
LN5	"Lincolnshire"
LN6	"Lincolnshire"
LN6	"Nottinghamshire"
LN7	"Lincolnshire"
LN8	"Lincolnshire"
LN9	"Lincolnshire"
LS1	"West Yorkshire"
LS10	"West Yorkshire"
LS11	"West Yorkshire"
LS12	"West Yorkshire"
LS13	"West Yorkshire"
LS14	"West Yorkshire"
LS15	"West Yorkshire"
LS16	"West Yorkshire"
LS17	"North Yorkshire"
LS17	"West Yorkshire"
LS18	"West Yorkshire"
LS19	"West Yorkshire"
LS2	"West Yorkshire"
LS20	"West Yorkshire"
LS21	"North Yorkshire"
LS21	"West Yorkshire"
LS22	"North Yorkshire"
LS22	"West Yorkshire"
LS23	"West Yorkshire"
LS24	"North Yorkshire"
LS24	"West Yorkshire"
LS25	"North Yorkshire"
LS25	"West Yorkshire"
LS26	"West Yorkshire"
LS27	"West Yorkshire"
LS28	"West Yorkshire"
LS29	"North Yorkshire"
LS29	"West Yorkshire"
LS3	"West Yorkshire"
LS4	"West Yorkshire"
LS5	"West Yorkshire"
LS6	"West Yorkshire"
LS7	"West Yorkshire"
LS8	"West Yorkshire"
LS88	"West Yorkshire"
LS9	"West Yorkshire"
LS98	"West Yorkshire"
LS99	"West Yorkshire"
LU1	"Bedfordshire"
LU1	"Hertfordshire"
LU2	"Bedfordshire"
LU2	"Hertfordshire"
LU3	"Bedfordshire"
LU4	"Bedfordshire"
LU5	"Bedfordshire"
LU6	"Bedfordshire"
LU6	"Buckinghamshire"
LU6	"Hertfordshire"
LU7	"Bedfordshire"
LU7	"Buckinghamshire"
LU95	"Bedfordshire"
M1	"Greater Manchester"
M10	"Greater Manchester"
M11	"Greater Manchester"
M12	"Greater Manchester"
M13	"Greater Manchester"
M14	"Greater Manchester"
M15	"Greater Manchester"
M16	"Greater Manchester"
M17	"Greater Manchester"
M18	"Greater Manchester"
M19	"Greater Manchester"
M2	"Greater Manchester"
M20	"Greater Manchester"
M21	"Greater Manchester"
M22	"Cheshire"
M22	"Greater Manchester"
M23	"Greater Manchester"
M24	"Greater Manchester"
M25	"Greater Manchester"
M26	"Greater Manchester"
M27	"Greater Manchester"
M28	"Greater Manchester"
M29	"Greater Manchester"
M3	"Greater Manchester"
M30	"Greater Manchester"
M31	"Greater Manchester"
M32	"Greater Manchester"
M33	"Greater Manchester"
M34	"Greater Manchester"
M35	"Greater Manchester"
M38	"Greater Manchester"
M4	"Greater Manchester"
M40	"Greater Manchester"
M41	"Greater Manchester"
M43	"Greater Manchester"
M44	"Greater Manchester"
M45	"Greater Manchester"
M46	"Greater Manchester"
M5	"Greater Manchester"
M50	"Greater Manchester"
M52	"Greater Manchester"
M6	"Greater Manchester"
M60	"Greater Manchester"
M61	"Greater Manchester"
M7	"Greater Manchester"
M8	"Greater Manchester"
M9	"Greater Manchester"
M90	"Greater Manchester"
M99	"Greater Manchester"
ME1	"Kent"
ME10	"Kent"
ME11	"Kent"
ME12	"Kent"
ME13	"Kent"
ME14	"Kent"
ME15	"Kent"
ME16	"Kent"
ME17	"Kent"
ME18	"Kent"
ME19	"Kent"
ME2	"Kent"
ME20	"Kent"
ME3	"Kent"
ME4	"Kent"
ME5	"Kent"
ME6	"Kent"
ME7	"Kent"
ME8	"Kent"
ME9	"Kent"
ME99	"Kent"
MK1	"Buckinghamshire"
MK10	"Buckinghamshire"
MK11	"Buckinghamshire"
MK12	"Buckinghamshire"
MK13	"Buckinghamshire"
MK14	"Buckinghamshire"
MK15	"Buckinghamshire"
MK16	"Buckinghamshire"
MK16	"Northamptonshire"
MK17	"Bedfordshire"
MK17	"Buckinghamshire"
MK18	"Buckinghamshire"
MK18	"Oxfordshire"
MK19	"Buckinghamshire"
MK19	"Northamptonshire"
MK2	"Buckinghamshire"
MK3	"Buckinghamshire"
MK4	"Buckinghamshire"
MK40	"Bedfordshire"
MK41	"Bedfordshire"
MK42	"Bedfordshire"
MK43	"Bedfordshire"
MK43	"Buckinghamshire"
MK44	"Bedfordshire"
MK44	"Cambridgeshire"
MK45	"Bedfordshire"
MK46	"Bedfordshire"
MK46	"Buckinghamshire"
MK5	"Buckinghamshire"
MK6	"Buckinghamshire"
MK7	"Buckinghamshire"
MK77	"Buckinghamshire"
MK8	"Buckinghamshire"
MK9	"Buckinghamshire"
MK98	"Buckinghamshire"
N1	"Greater London"
N10	"Greater London"
N11	"Greater London"
N12	"Greater London"
N13	"Greater London"
N14	"Greater London"
N15	"Greater London"
N16	"Greater London"
N17	"Greater London"
N18	"Greater London"
N19	"Greater London"
N1C	"Greater London"
N1P	"Greater London"
N2	"Greater London"
N20	"Greater London"
N21	"Greater London"
N22	"Greater London"
N3	"Greater London"
N4	"Greater London"
N5	"Greater London"
N6	"Greater London"
N7	"Greater London"
N8	"Greater London"
N81	"Greater London"
N9	"Greater London"
NE1	"Tyne and Wear"
NE10	"Tyne and Wear"
NE11	"Tyne and Wear"
NE12	"Tyne and Wear"
NE13	"Northumberland"
NE13	"Tyne and Wear"
NE15	"Northumberland"
NE15	"Tyne and Wear"
NE16	"County Durham"
NE16	"Tyne and Wear"
NE17	"County Durham"
NE17	"Northumberland"
NE17	"Tyne and Wear"
NE18	"Northumberland"
NE19	"Northumberland"
NE2	"Tyne and Wear"
NE20	"Northumberland"
NE20	"Tyne and Wear"
NE21	"Tyne and Wear"
NE22	"Northumberland"
NE23	"Northumberland"
NE23	"Tyne and Wear"
NE24	"Northumberland"
NE25	"Northumberland"
NE25	"Tyne and Wear"
NE26	"Northumberland"
NE26	"Tyne and Wear"
NE27	"Northumberland"
NE27	"Tyne and Wear"
NE28	"Tyne and Wear"
NE29	"Tyne and Wear"
NE3	"Tyne and Wear"
NE30	"Tyne and Wear"
NE31	"Tyne and Wear"
NE32	"Tyne and Wear"
NE33	"Tyne and Wear"
NE34	"Tyne and Wear"
NE35	"Tyne and Wear"
NE36	"Tyne and Wear"
NE37	"Tyne and Wear"
NE38	"County Durham"
NE38	"Tyne and Wear"
NE39	"County Durham"
NE39	"Tyne and Wear"
NE4	"Tyne and Wear"
NE40	"Tyne and Wear"
NE41	"Northumberland"
NE41	"Tyne and Wear"
NE42	"Northumberland"
NE42	"Tyne and Wear"
NE43	"Northumberland"
NE44	"Northumberland"
NE45	"Northumberland"
NE46	"Northumberland"
NE47	"Northumberland"
NE48	"Northumberland"
NE49	"Northumberland"
NE5	"Tyne and Wear"
NE6	"Tyne and Wear"
NE61	"Northumberland"
NE62	"Northumberland"
NE63	"Northumberland"
NE64	"Northumberland"
NE65	"Northumberland"
NE66	"Northumberland"
NE67	"Northumberland"
NE68	"Northumberland"
NE69	"Northumberland"
NE7	"Tyne and Wear"
NE70	"Northumberland"
NE71	"Northumberland"
NE8	"Tyne and Wear"
NE82	"Tyne and Wear"
NE83	"Tyne and Wear"
NE85	"Tyne and Wear"
NE88	"Tyne and Wear"
NE89	"Tyne and Wear"
NE9	"Tyne and Wear"
NE92	"Tyne and Wear"
NE98	"Tyne and Wear"
NE99	"Tyne and Wear"
NG1	"Nottinghamshire"
NG10	"Derbyshire"
NG10	"Leicestershire"
NG10	"Nottinghamshire"
NG11	"Nottinghamshire"
NG12	"Nottinghamshire"
NG13	"Leicestershire"
NG13	"Lincolnshire"
NG13	"Nottinghamshire"
NG14	"Nottinghamshire"
NG15	"Nottinghamshire"
NG16	"Derbyshire"
NG16	"Nottinghamshire"
NG17	"Nottinghamshire"
NG18	"Nottinghamshire"
NG19	"Derbyshire"
NG19	"Nottinghamshire"
NG2	"Nottinghamshire"
NG20	"Derbyshire"
NG20	"Nottinghamshire"
NG21	"Nottinghamshire"
NG22	"Nottinghamshire"
NG23	"Lincolnshire"
NG23	"Nottinghamshire"
NG24	"Nottinghamshire"
NG25	"Nottinghamshire"
NG3	"Nottinghamshire"
NG31	"Lincolnshire"
NG32	"Leicestershire"
NG32	"Lincolnshire"
NG33	"Leicestershire"
NG33	"Lincolnshire"
NG34	"Lincolnshire"
NG4	"Nottinghamshire"
NG5	"Nottinghamshire"
NG6	"Nottinghamshire"
NG7	"Nottinghamshire"
NG70	"Nottinghamshire"
NG8	"Nottinghamshire"
NG80	"Nottinghamshire"
NG9	"Derbyshire"
NG9	"Nottinghamshire"
NG90	"Nottinghamshire"
NN1	"Northamptonshire"
NN10	"Bedfordshire"
NN10	"Northamptonshire"
NN11	"Northamptonshire"
NN11	"Warwickshire"
NN12	"Buckinghamshire"
NN12	"Northamptonshire"
NN13	"Buckinghamshire"
NN13	"Northamptonshire"
NN13	"Oxfordshire"
NN14	"Northamptonshire"
NN15	"Northamptonshire"
NN16	"Northamptonshire"
NN17	"Northamptonshire"
NN18	"Northamptonshire"
NN2	"Northamptonshire"
NN29	"Bedfordshire"
NN29	"Northamptonshire"
NN3	"Northamptonshire"
NN4	"Northamptonshire"
NN5	"Northamptonshire"
NN6	"Leicestershire"
NN6	"Northamptonshire"
NN7	"Buckinghamshire"
NN7	"Northamptonshire"
NN8	"Bedfordshire"
NN8	"Buckinghamshire"
NN8	"Northamptonshire"
NN9	"Bedfordshire"
NN9	"Buckinghamshire"
NN9	"Northamptonshire"
NN99	"Northamptonshire"
NP16	"Gloucestershire"
NP25	"Gloucestershire"
NP25	"Herefordshire"
NP5	"Gloucestershire"
NP5	"Herefordshire"
NP6	"Gloucestershire"
NP7	"Herefordshire"
NR1	"Norfolk"
NR10	"Norfolk"
NR11	"Norfolk"
NR12	"Norfolk"
NR13	"Norfolk"
NR14	"Norfolk"
NR15	"Norfolk"
NR16	"Norfolk"
NR17	"Norfolk"
NR18	"Norfolk"
NR19	"Norfolk"
NR2	"Norfolk"
NR20	"Norfolk"
NR21	"Norfolk"
NR22	"Norfolk"
NR23	"Norfolk"
NR24	"Norfolk"
NR25	"Norfolk"
NR26	"Norfolk"
NR27	"Norfolk"
NR28	"Norfolk"
NR29	"Norfolk"
NR3	"Norfolk"
NR30	"Norfolk"
NR31	"Norfolk"
NR31	"Suffolk"
NR32	"Suffolk"
NR33	"Suffolk"
NR34	"Norfolk"
NR34	"Suffolk"
NR35	"Norfolk"
NR35	"Suffolk"
NR4	"Norfolk"
NR5	"Norfolk"
NR6	"Norfolk"
NR7	"Norfolk"
NR8	"Norfolk"
NR9	"Norfolk"
NR99	"Norfolk"
NW1	"Greater London"
NW10	"Greater London"
NW11	"Greater London"
NW1W	"Greater London"
NW2	"Greater London"
NW26	"Greater London"
NW3	"Greater London"
NW4	"Greater London"
NW5	"Greater London"
NW6	"Greater London"
NW7	"Greater London"
NW8	"Greater London"
NW9	"Greater London"
OL1	"Greater Manchester"
OL10	"Greater Manchester"
OL11	"Greater Manchester"
OL12	"Greater Manchester"
OL12	"Lancashire"
OL13	"Lancashire"
OL14	"Greater Manchester"
OL14	"Lancashire"
OL14	"West Yorkshire"
OL15	"Greater Manchester"
OL15	"West Yorkshire"
OL16	"Greater Manchester"
OL2	"Greater Manchester"
OL3	"Greater Manchester"
OL4	"Greater Manchester"
OL5	"Greater Manchester"
OL6	"Greater Manchester"
OL7	"Greater Manchester"
OL8	"Greater Manchester"
OL9	"Greater Manchester"
OL95	"Greater Manchester"
OX1	"Oxfordshire"
OX10	"Northamptonshire"
OX10	"Oxfordshire"
OX11	"Buckinghamshire"
OX11	"Oxfordshire"
OX12	"Berkshire"
OX12	"Oxfordshire"
OX13	"Oxfordshire"
OX14	"Buckinghamshire"
OX14	"Oxfordshire"
OX15	"Oxfordshire"
OX15	"Warwickshire"
OX16	"Northamptonshire"
OX16	"Oxfordshire"
OX17	"Northamptonshire"
OX17	"Oxfordshire"
OX17	"Warwickshire"
OX18	"Gloucestershire"
OX18	"Oxfordshire"
OX2	"Buckinghamshire"
OX2	"Oxfordshire"
OX20	"Oxfordshire"
OX25	"Oxfordshire"
OX26	"Oxfordshire"
OX27	"Buckinghamshire"
OX27	"Northamptonshire"
OX27	"Oxfordshire"
OX28	"Oxfordshire"
OX29	"Oxfordshire"
OX3	"Oxfordshire"
OX33	"Buckinghamshire"
OX33	"Oxfordshire"
OX39	"Buckinghamshire"
OX39	"Oxfordshire"
OX4	"Oxfordshire"
OX44	"Oxfordshire"
OX49	"Buckinghamshire"
OX49	"Oxfordshire"
OX5	"Buckinghamshire"
OX5	"Oxfordshire"
OX6	"Buckinghamshire"
OX6	"Oxfordshire"
OX7	"Gloucestershire"
OX7	"Oxfordshire"
OX7	"Warwickshire"
OX8	"Gloucestershire"
OX8	"Oxfordshire"
OX9	"Buckinghamshire"
OX9	"Oxfordshire"
PE1	"Cambridgeshire"
PE10	"Lincolnshire"
PE11	"Lincolnshire"
PE12	"Cambridgeshire"
PE12	"Lincolnshire"
PE13	"Cambridgeshire"
PE13	"Lincolnshire"
PE13	"Norfolk"
PE14	"Cambridgeshire"
PE14	"Lincolnshire"
PE14	"Norfolk"
PE15	"Cambridgeshire"
PE16	"Cambridgeshire"
PE17	"Cambridgeshire"
PE17	"Northamptonshire"
PE18	"Bedfordshire"
PE18	"Cambridgeshire"
PE19	"Bedfordshire"
PE19	"Cambridgeshire"
PE2	"Cambridgeshire"
PE20	"Lincolnshire"
PE21	"Lincolnshire"
PE22	"Lincolnshire"
PE23	"Lincolnshire"
PE24	"Lincolnshire"
PE25	"Lincolnshire"
PE26	"Cambridgeshire"
PE27	"Cambridgeshire"
PE28	"Bedfordshire"
PE28	"Cambridgeshire"
PE28	"Lincolnshire"
PE28	"Northamptonshire"
PE29	"Cambridgeshire"
PE3	"Cambridgeshire"
PE30	"Norfolk"
PE31	"Norfolk"
PE32	"Norfolk"
PE33	"Norfolk"
PE34	"Lincolnshire"
PE34	"Norfolk"
PE35	"Norfolk"
PE36	"Norfolk"
PE37	"Norfolk"
PE38	"Cambridgeshire"
PE38	"Norfolk"
PE4	"Cambridgeshire"
PE5	"Cambridgeshire"
PE6	"Cambridgeshire"
PE6	"Lincolnshire"
PE7	"Cambridgeshire"
PE8	"Cambridgeshire"
PE8	"Northamptonshire"
PE9	"Cambridgeshire"
PE9	"Lincolnshire"
PE9	"Northamptonshire"
PE9	"Rutland"
PE99	"Cambridgeshire"
PL1	"Devon"
PL10	"Cornwall"
PL11	"Cornwall"
PL12	"Cornwall"
PL13	"Cornwall"
PL14	"Cornwall"
PL15	"Cornwall"
PL15	"Devon"
PL16	"Cornwall"
PL16	"Devon"
PL17	"Cornwall"
PL17	"Devon"
PL18	"Cornwall"
PL18	"Devon"
PL19	"Devon"
PL2	"Devon"
PL20	"Devon"
PL21	"Devon"
PL22	"Cornwall"
PL23	"Cornwall"
PL24	"Cornwall"
PL25	"Cornwall"
PL26	"Cornwall"
PL27	"Cornwall"
PL28	"Cornwall"
PL29	"Cornwall"
PL3	"Devon"
PL30	"Cornwall"
PL31	"Cornwall"
PL32	"Cornwall"
PL33	"Cornwall"
PL34	"Cornwall"
PL35	"Cornwall"
PL4	"Devon"
PL5	"Devon"
PL6	"Devon"
PL7	"Devon"
PL8	"Devon"
PL9	"Devon"
PL95	"Devon"
PO1	"Hampshire"
PO10	"Hampshire"
PO10	"West Sussex"
PO11	"Hampshire"
PO12	"Hampshire"
PO13	"Hampshire"
PO14	"Hampshire"
PO15	"Hampshire"
PO16	"Hampshire"
PO17	"Hampshire"
PO18	"West Sussex"
PO19	"West Sussex"
PO2	"Hampshire"
PO20	"West Sussex"
PO21	"West Sussex"
PO22	"West Sussex"
PO3	"Hampshire"
PO30	"Isle of Wight"
PO31	"Isle of Wight"
PO32	"Isle of Wight"
PO33	"Isle of Wight"
PO34	"Isle of Wight"
PO35	"Isle of Wight"
PO36	"Isle of Wight"
PO37	"Isle of Wight"
PO38	"Isle of Wight"
PO39	"Isle of Wight"
PO4	"Hampshire"
PO40	"Isle of Wight"
PO41	"Isle of Wight"
PO5	"Hampshire"
PO6	"Hampshire"
PO7	"Hampshire"
PO8	"Hampshire"
PO9	"Hampshire"
PO9	"West Sussex"
PR0	"Lancashire"
PR1	"Lancashire"
PR11	"Lancashire"
PR2	"Lancashire"
PR2	"North Yorkshire"
PR25	"Lancashire"
PR26	"Lancashire"
PR3	"Lancashire"
PR4	"Lancashire"
PR5	"Lancashire"
PR6	"Lancashire"
PR7	"Lancashire"
PR8	"Lancashire"
PR8	"Merseyside"
PR9	"Lancashire"
PR9	"Merseyside"
RG1	"Berkshire"
RG10	"Berkshire"
RG11	"Berkshire"
RG12	"Berkshire"
RG13	"Berkshire"
RG14	"Berkshire"
RG14	"Hampshire"
RG15	"Berkshire"
RG15	"Hampshire"
RG16	"Berkshire"
RG16	"Oxfordshire"
RG17	"Berkshire"
RG17	"Oxfordshire"
RG17	"Wiltshire"
RG18	"Berkshire"
RG19	"Berkshire"
RG19	"Hampshire"
RG2	"Berkshire"
RG20	"Berkshire"
RG20	"Hampshire"
RG21	"Hampshire"
RG22	"Hampshire"
RG23	"Hampshire"
RG24	"Hampshire"
RG25	"Hampshire"
RG26	"Berkshire"
RG26	"Hampshire"
RG27	"Berkshire"
RG27	"Hampshire"
RG28	"Hampshire"
RG29	"Hampshire"
RG3	"Berkshire"
RG30	"Berkshire"
RG31	"Berkshire"
RG4	"Berkshire"
RG4	"Oxfordshire"
RG40	"Berkshire"
RG41	"Berkshire"
RG42	"Berkshire"
RG45	"Berkshire"
RG5	"Berkshire"
RG6	"Berkshire"
RG7	"Berkshire"
RG7	"Hampshire"
RG8	"Berkshire"
RG8	"Oxfordshire"
RG9	"Berkshire"
RG9	"Buckinghamshire"
RG9	"Oxfordshire"
RH1	"Surrey"
RH10	"Surrey"
RH10	"West Sussex"
RH11	"West Sussex"
RH12	"Surrey"
RH12	"West Sussex"
RH13	"West Sussex"
RH14	"West Sussex"
RH15	"East Sussex"
RH15	"West Sussex"
RH16	"East Sussex"
RH16	"West Sussex"
RH17	"East Sussex"
RH17	"West Sussex"
RH18	"East Sussex"
RH18	"West Sussex"
RH19	"East Sussex"
RH19	"Surrey"
RH19	"West Sussex"
RH2	"Surrey"
RH20	"West Sussex"
RH3	"Surrey"
RH4	"Surrey"
RH5	"Surrey"
RH5	"West Sussex"
RH6	"Surrey"
RH6	"West Sussex"
RH7	"Surrey"
RH77	"West Sussex"
RH8	"Surrey"
RH9	"Surrey"
RM1	"Greater London"
RM10	"Greater London"
RM11	"Greater London"
RM12	"Greater London"
RM13	"Greater London"
RM14	"Essex"
RM14	"Greater London"
RM15	"Essex"
RM15	"Greater London"
RM16	"Essex"
RM17	"Essex"
RM18	"Essex"
RM19	"Essex"
RM2	"Greater London"
RM20	"Essex"
RM3	"Greater London"
RM4	"Essex"
RM4	"Greater London"
RM5	"Greater London"
RM50	"Greater London"
RM6	"Greater London"
RM7	"Greater London"
RM8	"Greater London"
RM9	"Greater London"
S1	"Derbyshire"
S1	"South Yorkshire"
S10	"South Yorkshire"
S11	"Derbyshire"
S11	"South Yorkshire"
S12	"Derbyshire"
S12	"South Yorkshire"
S13	"South Yorkshire"
S14	"South Yorkshire"
S17	"Derbyshire"
S17	"South Yorkshire"
S18	"Derbyshire"
S19	"Derbyshire"
S19	"South Yorkshire"
S2	"South Yorkshire"
S20	"South Yorkshire"
S21	"Derbyshire"
S21	"South Yorkshire"
S25	"South Yorkshire"
S26	"Derbyshire"
S26	"South Yorkshire"
S3	"South Yorkshire"
S30	"Derbyshire"
S30	"South Yorkshire"
S31	"Derbyshire"
S31	"South Yorkshire"
S32	"Derbyshire"
S32	"South Yorkshire"
S33	"Derbyshire"
S35	"South Yorkshire"
S36	"South Yorkshire"
S4	"South Yorkshire"
S40	"Derbyshire"
S41	"Derbyshire"
S42	"Derbyshire"
S43	"Derbyshire"
S44	"Derbyshire"
S45	"Derbyshire"
S49	"Derbyshire"
S5	"South Yorkshire"
S6	"South Yorkshire"
S60	"South Yorkshire"
S61	"South Yorkshire"
S62	"South Yorkshire"
S63	"South Yorkshire"
S64	"South Yorkshire"
S65	"South Yorkshire"
S66	"South Yorkshire"
S7	"South Yorkshire"
S70	"South Yorkshire"
S71	"South Yorkshire"
S71	"West Yorkshire"
S72	"South Yorkshire"
S72	"West Yorkshire"
S73	"South Yorkshire"
S74	"South Yorkshire"
S75	"South Yorkshire"
S75	"West Yorkshire"
S8	"Derbyshire"
S8	"South Yorkshire"
S80	"Derbyshire"
S80	"Nottinghamshire"
S80	"South Yorkshire"
S81	"Nottinghamshire"
S81	"South Yorkshire"
S9	"South Yorkshire"
S95	"South Yorkshire"
S96	"South Yorkshire"
S97	"South Yorkshire"
S98	"South Yorkshire"
S99	"South Yorkshire"
SE1	"Greater London"
SE10	"Greater London"
SE11	"Greater London"
SE12	"Greater London"
SE13	"Greater London"
SE14	"Greater London"
SE15	"Greater London"
SE16	"Greater London"
SE17	"Greater London"
SE18	"Greater London"
SE19	"Greater London"
SE1P	"Greater London"
SE2	"Greater London"
SE20	"Greater London"
SE21	"Greater London"
SE22	"Greater London"
SE23	"Greater London"
SE24	"Greater London"
SE25	"Greater London"
SE26	"Greater London"
SE27	"Greater London"
SE28	"Greater London"
SE3	"Greater London"
SE4	"Greater London"
SE5	"Greater London"
SE6	"Greater London"
SE7	"Greater London"
SE8	"Greater London"
SE9	"Greater London"
SE99	"Greater London"
SG1	"Hertfordshire"
SG10	"Hertfordshire"
SG11	"Hertfordshire"
SG12	"Hertfordshire"
SG13	"Hertfordshire"
SG14	"Hertfordshire"
SG15	"Bedfordshire"
SG15	"Hertfordshire"
SG16	"Bedfordshire"
SG17	"Bedfordshire"
SG18	"Bedfordshire"
SG19	"Bedfordshire"
SG19	"Cambridgeshire"
SG2	"Hertfordshire"
SG3	"Hertfordshire"
SG4	"Hertfordshire"
SG5	"Bedfordshire"
SG5	"Hertfordshire"
SG6	"Bedfordshire"
SG6	"Hertfordshire"
SG7	"Bedfordshire"
SG7	"Cambridgeshire"
SG7	"Hertfordshire"
SG8	"Bedfordshire"
SG8	"Cambridgeshire"
SG8	"Essex"
SG8	"Hertfordshire"
SG9	"Hertfordshire"
SK1	"Greater Manchester"
SK10	"Cheshire"
SK10	"Greater Manchester"
SK11	"Cheshire"
SK11	"Staffordshire"
SK12	"Cheshire"
SK12	"Derbyshire"
SK12	"Greater Manchester"
SK13	"Derbyshire"
SK13	"Greater Manchester"
SK14	"Derbyshire"
SK14	"Greater Manchester"
SK15	"Greater Manchester"
SK16	"Greater Manchester"
SK17	"Derbyshire"
SK17	"Staffordshire"
SK2	"Greater Manchester"
SK22	"Derbyshire"
SK22	"Greater Manchester"
SK23	"Cheshire"
SK23	"Derbyshire"
SK3	"Greater Manchester"
SK4	"Greater Manchester"
SK5	"Greater Manchester"
SK6	"Cheshire"
SK6	"Greater Manchester"
SK7	"Cheshire"
SK7	"Greater Manchester"
SK8	"Cheshire"
SK8	"Greater Manchester"
SK9	"Cheshire"
SK9	"Greater Manchester"
SL0	"Berkshire"
SL0	"Buckinghamshire"
SL1	"Berkshire"
SL1	"Buckinghamshire"
SL2	"Berkshire"
SL2	"Buckinghamshire"
SL3	"Berkshire"
SL3	"Buckinghamshire"
SL4	"Berkshire"
SL4	"Buckinghamshire"
SL4	"Surrey"
SL5	"Berkshire"
SL5	"Surrey"
SL6	"Berkshire"
SL6	"Buckinghamshire"
SL60	"Berkshire"
SL7	"Berkshire"
SL7	"Buckinghamshire"
SL8	"Berkshire"
SL8	"Buckinghamshire"
SL9	"Buckinghamshire"
SL9	"Hertfordshire"
SL95	"Berkshire"
SM1	"Greater London"
SM2	"Greater London"
SM2	"Surrey"
SM3	"Greater London"
SM3	"Surrey"
SM4	"Greater London"
SM5	"Greater London"
SM5	"Surrey"
SM6	"Greater London"
SM7	"Greater London"
SM7	"Surrey"
SN1	"Wiltshire"
SN10	"Wiltshire"
SN11	"Wiltshire"
SN12	"Wiltshire"
SN13	"Wiltshire"
SN14	"Gloucestershire"
SN14	"Wiltshire"
SN15	"Wiltshire"
SN16	"Gloucestershire"
SN16	"Wiltshire"
SN17	"Wiltshire"
SN2	"Wiltshire"
SN25	"Wiltshire"
SN26	"Wiltshire"
SN3	"Wiltshire"
SN38	"Wiltshire"
SN4	"Wiltshire"
SN5	"Wiltshire"
SN6	"Gloucestershire"
SN6	"Oxfordshire"
SN6	"Wiltshire"
SN7	"Oxfordshire"
SN8	"Berkshire"
SN8	"Wiltshire"
SN9	"Wiltshire"
SN99	"Wiltshire"
SO1	"Hampshire"
SO14	"Hampshire"
SO15	"Hampshire"
SO16	"Hampshire"
SO17	"Hampshire"
SO18	"Hampshire"
SO19	"Hampshire"
SO2	"Hampshire"
SO20	"Hampshire"
SO21	"Hampshire"
SO22	"Hampshire"
SO23	"Hampshire"
SO24	"Hampshire"
SO25	"Hampshire"
SO3	"Hampshire"
SO30	"Hampshire"
SO31	"Hampshire"
SO32	"Hampshire"
SO4	"Hampshire"
SO40	"Hampshire"
SO41	"Hampshire"
SO42	"Hampshire"
SO43	"Hampshire"
SO45	"Hampshire"
SO5	"Hampshire"
SO5	"Wiltshire"
SO50	"Hampshire"
SO51	"Hampshire"
SO51	"Wiltshire"
SO52	"Hampshire"
SO53	"Hampshire"
SO9	"Hampshire"
SO97	"Hampshire"
SP1	"Wiltshire"
SP10	"Hampshire"
SP11	"Hampshire"
SP11	"Wiltshire"
SP2	"Wiltshire"
SP3	"Wiltshire"
SP4	"Hampshire"
SP4	"Wiltshire"
SP5	"Dorset"
SP5	"Hampshire"
SP5	"Wiltshire"
SP6	"Dorset"
SP6	"Hampshire"
SP6	"Wiltshire"
SP7	"Dorset"
SP7	"Wiltshire"
SP8	"Dorset"
SP9	"Hampshire"
SP9	"Wiltshire"
SR1	"Tyne and Wear"
SR2	"Tyne and Wear"
SR3	"Tyne and Wear"
SR4	"Tyne and Wear"
SR43	"Tyne and Wear"
SR5	"Tyne and Wear"
SR6	"Tyne and Wear"
SR7	"County Durham"
SR7	"Tyne and Wear"
SR8	"County Durham"
SR88	"County Durham"
SR9	"Tyne and Wear"
SS0	"Essex"
SS1	"Essex"
SS11	"Essex"
SS12	"Essex"
SS13	"Essex"
SS14	"Essex"
SS15	"Essex"
SS16	"Essex"
SS17	"Essex"
SS2	"Essex"
SS22	"Essex"
SS3	"Essex"
SS4	"Essex"
SS5	"Essex"
SS6	"Essex"
SS7	"Essex"
SS8	"Essex"
SS9	"Essex"
SS99	"Essex"
ST1	"Staffordshire"
ST10	"Staffordshire"
ST11	"Staffordshire"
ST12	"Staffordshire"
ST13	"Staffordshire"
ST14	"Derbyshire"
ST14	"Staffordshire"
ST15	"Staffordshire"
ST16	"Staffordshire"
ST17	"Staffordshire"
ST18	"Staffordshire"
ST19	"Shropshire"
ST19	"Staffordshire"
ST2	"Staffordshire"
ST20	"Staffordshire"
ST21	"Staffordshire"
ST3	"Staffordshire"
ST4	"Staffordshire"
ST5	"Staffordshire"
ST55	"Staffordshire"
ST6	"Staffordshire"
ST7	"Cheshire"
ST7	"Staffordshire"
ST8	"Staffordshire"
ST9	"Staffordshire"
SW10	"Greater London"
SW11	"Greater London"
SW12	"Greater London"
SW13	"Greater London"
SW14	"Greater London"
SW15	"Greater London"
SW16	"Greater London"
SW17	"Greater London"
SW18	"Greater London"
SW19	"Greater London"
SW1A	"Greater London"
SW1E	"Greater London"
SW1H	"Greater London"
SW1P	"Greater London"
SW1V	"Greater London"
SW1W	"Greater London"
SW1X	"Greater London"
SW1Y	"Greater London"
SW2	"Greater London"
SW20	"Greater London"
SW3	"Greater London"
SW4	"Greater London"
SW5	"Greater London"
SW6	"Greater London"
SW7	"Greater London"
SW8	"Greater London"
SW9	"Greater London"
SW95	"Greater London"
SW99	"Greater London"
SY1	"Shropshire"
SY10	"Shropshire"
SY11	"Shropshire"
SY12	"Shropshire"
SY13	"Cheshire"
SY13	"Shropshire"
SY14	"Cheshire"
SY14	"Shropshire"
SY15	"Shropshire"
SY2	"Shropshire"
SY21	"Shropshire"
SY22	"Shropshire"
SY3	"Shropshire"
SY4	"Shropshire"
SY5	"Shropshire"
SY6	"Shropshire"
SY7	"Herefordshire"
SY7	"Shropshire"
SY8	"Herefordshire"
SY8	"Shropshire"
SY8	"Worcestershire"
SY9	"Shropshire"
SY99	"Shropshire"
TA1	"Somerset"
TA10	"Somerset"
TA11	"Somerset"
TA12	"Somerset"
TA13	"Somerset"
TA14	"Somerset"
TA15	"Somerset"
TA16	"Somerset"
TA17	"Somerset"
TA18	"Dorset"
TA18	"Somerset"
TA19	"Somerset"
TA2	"Somerset"
TA20	"Devon"
TA20	"Dorset"
TA20	"Somerset"
TA21	"Devon"
TA21	"Somerset"
TA22	"Devon"
TA22	"Somerset"
TA23	"Somerset"
TA24	"Somerset"
TA3	"Devon"
TA3	"Somerset"
TA4	"Devon"
TA4	"Somerset"
TA5	"Somerset"
TA6	"Somerset"
TA7	"Somerset"
TA8	"Somerset"
TA9	"Somerset"
TD12	"Northumberland"
TD15	"Northumberland"
TD9	"Cumbria"
TF1	"Shropshire"
TF10	"Shropshire"
TF10	"Staffordshire"
TF11	"Shropshire"
TF11	"Staffordshire"
TF12	"Shropshire"
TF13	"Shropshire"
TF2	"Shropshire"
TF3	"Shropshire"
TF4	"Shropshire"
TF5	"Shropshire"
TF6	"Shropshire"
TF7	"Shropshire"
TF8	"Shropshire"
TF9	"Cheshire"
TF9	"Shropshire"
TF9	"Staffordshire"
TN1	"Kent"
TN10	"Kent"
TN11	"Kent"
TN12	"Kent"
TN13	"Kent"
TN14	"Greater London"
TN14	"Kent"
TN15	"Kent"
TN16	"Greater London"
TN16	"Kent"
TN16	"Surrey"
TN17	"Kent"
TN18	"East Sussex"
TN18	"Kent"
TN19	"East Sussex"
TN2	"East Sussex"
TN2	"Kent"
TN20	"East Sussex"
TN20	"Kent"
TN21	"East Sussex"
TN22	"East Sussex"
TN23	"Kent"
TN24	"Kent"
TN25	"Kent"
TN26	"Kent"
TN27	"Kent"
TN28	"Kent"
TN29	"Kent"
TN3	"East Sussex"
TN3	"Kent"
TN30	"Kent"
TN31	"East Sussex"
TN31	"Kent"
TN32	"East Sussex"
TN33	"East Sussex"
TN34	"East Sussex"
TN35	"East Sussex"
TN36	"East Sussex"
TN37	"East Sussex"
TN38	"East Sussex"
TN39	"East Sussex"
TN4	"Kent"
TN40	"East Sussex"
TN5	"East Sussex"
TN5	"Kent"
TN6	"East Sussex"
TN7	"East Sussex"
TN8	"East Sussex"
TN8	"Kent"
TN8	"Surrey"
TN9	"Kent"
TQ1	"Devon"
TQ10	"Devon"
TQ11	"Devon"
TQ12	"Devon"
TQ13	"Devon"
TQ14	"Devon"
TQ2	"Devon"
TQ3	"Devon"
TQ4	"Devon"
TQ5	"Devon"
TQ6	"Devon"
TQ7	"Devon"
TQ8	"Devon"
TQ9	"Devon"
TR1	"Cornwall"
TR10	"Cornwall"
TR11	"Cornwall"
TR12	"Cornwall"
TR13	"Cornwall"
TR14	"Cornwall"
TR15	"Cornwall"
TR16	"Cornwall"
TR17	"Cornwall"
TR18	"Cornwall"
TR19	"Cornwall"
TR2	"Cornwall"
TR20	"Cornwall"
TR21	"Cornwall"
TR22	"Cornwall"
TR23	"Cornwall"
TR24	"Cornwall"
TR25	"Cornwall"
TR26	"Cornwall"
TR27	"Cornwall"
TR3	"Cornwall"
TR4	"Cornwall"
TR5	"Cornwall"
TR6	"Cornwall"
TR7	"Cornwall"
TR8	"Cornwall"
TR9	"Cornwall"
TR93	"Cornwall"
TS1	"North Yorkshire"
TS10	"North Yorkshire"
TS11	"County Durham"
TS11	"North Yorkshire"
TS12	"North Yorkshire"
TS13	"North Yorkshire"
TS14	"North Yorkshire"
TS15	"County Durham"
TS15	"North Yorkshire"
TS16	"County Durham"
TS17	"County Durham"
TS17	"North Yorkshire"
TS18	"County Durham"
TS18	"North Yorkshire"
TS19	"County Durham"
TS2	"County Durham"
TS2	"North Yorkshire"
TS20	"County Durham"
TS21	"County Durham"
TS22	"County Durham"
TS23	"County Durham"
TS24	"County Durham"
TS25	"County Durham"
TS26	"County Durham"
TS27	"County Durham"
TS28	"County Durham"
TS29	"County Durham"
TS3	"North Yorkshire"
TS4	"North Yorkshire"
TS5	"North Yorkshire"
TS6	"North Yorkshire"
TS7	"North Yorkshire"
TS8	"North Yorkshire"
TS9	"North Yorkshire"
TS90	"North Yorkshire"
TW1	"Greater London"
TW10	"Greater London"
TW11	"Greater London"
TW12	"Greater London"
TW12	"Surrey"
TW13	"Greater London"
TW14	"Greater London"
TW14	"Surrey"
TW15	"Greater London"
TW15	"Surrey"
TW16	"Surrey"
TW17	"Surrey"
TW18	"Berkshire"
TW18	"Surrey"
TW19	"Berkshire"
TW19	"Greater London"
TW19	"Surrey"
TW2	"Greater London"
TW20	"Surrey"
TW3	"Greater London"
TW4	"Greater London"
TW5	"Greater London"
TW6	"Greater London"
TW6	"Surrey"
TW7	"Greater London"
TW8	"Greater London"
TW9	"Greater London"
UB1	"Greater London"
UB10	"Greater London"
UB11	"Greater London"
UB18	"Greater London"
UB2	"Greater London"
UB3	"Greater London"
UB4	"Greater London"
UB5	"Greater London"
UB6	"Greater London"
UB7	"Greater London"
UB8	"Buckinghamshire"
UB8	"Greater London"
UB9	"Buckinghamshire"
UB9	"Greater London"
UB9	"Hertfordshire"
W1	"Greater London"
W10	"Greater London"
W11	"Greater London"
W12	"Greater London"
W13	"Greater London"
W14	"Greater London"
W1A	"Greater London"
W1B	"Greater London"
W1C	"Greater London"
W1D	"Greater London"
W1F	"Greater London"
W1G	"Greater London"
W1H	"Greater London"
W1J	"Greater London"
W1K	"Greater London"
W1M	"Greater London"
W1N	"Greater London"
W1P	"Greater London"
W1R	"Greater London"
W1S	"Greater London"
W1T	"Greater London"
W1U	"Greater London"
W1V	"Greater London"
W1W	"Greater London"
W1X	"Greater London"
W1Y	"Greater London"
W2	"Greater London"
W3	"Greater London"
W4	"Greater London"
W5	"Greater London"
W6	"Greater London"
W7	"Greater London"
W8	"Greater London"
W9	"Greater London"
WA1	"Cheshire"
WA10	"Merseyside"
WA11	"Lancashire"
WA11	"Merseyside"
WA12	"Cheshire"
WA12	"Greater Manchester"
WA12	"Merseyside"
WA13	"Cheshire"
WA13	"Greater Manchester"
WA14	"Cheshire"
WA14	"Greater Manchester"
WA15	"Cheshire"
WA15	"Greater Manchester"
WA16	"Cheshire"
WA2	"Cheshire"
WA2	"Merseyside"
WA3	"Cheshire"
WA3	"Greater Manchester"
WA3	"Merseyside"
WA4	"Cheshire"
WA5	"Cheshire"
WA5	"Merseyside"
WA55	"Cheshire"
WA6	"Cheshire"
WA7	"Cheshire"
WA8	"Cheshire"
WA8	"Merseyside"
WA88	"Cheshire"
WA9	"Cheshire"
WA9	"Merseyside"
WC1A	"Greater London"
WC1B	"Greater London"
WC1E	"Greater London"
WC1H	"Greater London"
WC1N	"Greater London"
WC1R	"City of London"
WC1R	"Greater London"
WC1V	"City of London"
WC1V	"Greater London"
WC1X	"Greater London"
WC2A	"City of London"
WC2A	"Greater London"
WC2B	"Greater London"
WC2E	"Greater London"
WC2H	"Greater London"
WC2N	"Greater London"
WC2R	"Greater London"
WC99	"Greater London"
WD1	"Hertfordshire"
WD17	"Hertfordshire"
WD18	"Hertfordshire"
WD19	"Hertfordshire"
WD2	"Greater London"
WD2	"Hertfordshire"
WD23	"Greater London"
WD23	"Hertfordshire"
WD24	"Hertfordshire"
WD25	"Hertfordshire"
WD3	"Buckinghamshire"
WD3	"Greater London"
WD3	"Hertfordshire"
WD4	"Hertfordshire"
WD5	"Hertfordshire"
WD6	"Greater London"
WD6	"Hertfordshire"
WD7	"Hertfordshire"
WD99	"Hertfordshire"
WF1	"West Yorkshire"
WF10	"West Yorkshire"
WF11	"North Yorkshire"
WF11	"West Yorkshire"
WF12	"West Yorkshire"
WF13	"West Yorkshire"
WF14	"West Yorkshire"
WF15	"West Yorkshire"
WF16	"West Yorkshire"
WF17	"West Yorkshire"
WF2	"West Yorkshire"
WF3	"West Yorkshire"
WF4	"West Yorkshire"
WF5	"West Yorkshire"
WF6	"West Yorkshire"
WF7	"West Yorkshire"
WF8	"North Yorkshire"
WF8	"South Yorkshire"
WF8	"West Yorkshire"
WF9	"West Yorkshire"
WF90	"West Yorkshire"
WN1	"Greater Manchester"
WN2	"Greater Manchester"
WN3	"Greater Manchester"
WN4	"Greater Manchester"
WN4	"Merseyside"
WN5	"Greater Manchester"
WN5	"Lancashire"
WN5	"Merseyside"
WN6	"Greater Manchester"
WN6	"Lancashire"
WN7	"Greater Manchester"
WN8	"Lancashire"
WN8	"Merseyside"
WR1	"Worcestershire"
WR10	"Worcestershire"
WR11	"Gloucestershire"
WR11	"Warwickshire"
WR11	"Worcestershire"
WR12	"Gloucestershire"
WR12	"Worcestershire"
WR13	"Gloucestershire"
WR13	"Herefordshire"
WR13	"Worcestershire"
WR14	"Herefordshire"
WR14	"Worcestershire"
WR15	"Herefordshire"
WR15	"Shropshire"
WR15	"Worcestershire"
WR2	"Worcestershire"
WR3	"Worcestershire"
WR4	"Worcestershire"
WR5	"Worcestershire"
WR6	"Herefordshire"
WR6	"Worcestershire"
WR7	"Worcestershire"
WR78	"Worcestershire"
WR8	"Gloucestershire"
WR8	"Worcestershire"
WR9	"Worcestershire"
WR99	"Worcestershire"
WS1	"West Midlands"
WS10	"West Midlands"
WS11	"Staffordshire"
WS12	"Staffordshire"
WS13	"Staffordshire"
WS14	"Staffordshire"
WS15	"Staffordshire"
WS2	"West Midlands"
WS3	"Staffordshire"
WS3	"West Midlands"
WS4	"West Midlands"
WS5	"West Midlands"
WS6	"Staffordshire"
WS7	"Staffordshire"
WS8	"Staffordshire"
WS8	"West Midlands"
WS9	"Staffordshire"
WS9	"West Midlands"
WV1	"West Midlands"
WV10	"Staffordshire"
WV10	"West Midlands"
WV11	"Staffordshire"
WV11	"West Midlands"
WV12	"West Midlands"
WV13	"West Midlands"
WV14	"West Midlands"
WV15	"Shropshire"
WV15	"Staffordshire"
WV16	"Shropshire"
WV16	"West Midlands"
WV2	"West Midlands"
WV3	"Staffordshire"
WV3	"West Midlands"
WV4	"Staffordshire"
WV4	"West Midlands"
WV5	"Shropshire"
WV5	"Staffordshire"
WV6	"Shropshire"
WV6	"Staffordshire"
WV6	"West Midlands"
WV7	"Shropshire"
WV7	"Staffordshire"
WV7	"West Midlands"
WV8	"Shropshire"
WV8	"Staffordshire"
WV8	"West Midlands"
WV9	"Staffordshire"
WV9	"West Midlands"
WV98	"West Midlands"
WV98	"Worcestershire"
WV99	"Shropshire"
YO1	"North Yorkshire"
YO10	"North Yorkshire"
YO11	"East Riding of Yorkshire"
YO11	"North Yorkshire"
YO12	"North Yorkshire"
YO13	"North Yorkshire"
YO14	"North Yorkshire"
YO15	"East Riding of Yorkshire"
YO16	"East Riding of Yorkshire"
YO17	"North Yorkshire"
YO18	"North Yorkshire"
YO19	"North Yorkshire"
YO2	"North Yorkshire"
YO21	"North Yorkshire"
YO22	"North Yorkshire"
YO23	"North Yorkshire"
YO24	"North Yorkshire"
YO25	"East Riding of Yorkshire"
YO25	"North Yorkshire"
YO26	"North Yorkshire"
YO3	"North Yorkshire"
YO30	"North Yorkshire"
YO31	"North Yorkshire"
YO32	"North Yorkshire"
YO4	"East Riding of Yorkshire"
YO4	"North Yorkshire"
YO41	"East Riding of Yorkshire"
YO41	"North Yorkshire"
YO42	"East Riding of Yorkshire"
YO43	"East Riding of Yorkshire"
YO43	"North Yorkshire"
YO5	"North Yorkshire"
YO51	"North Yorkshire"
YO6	"North Yorkshire"
YO60	"North Yorkshire"
YO61	"North Yorkshire"
YO62	"North Yorkshire"
YO7	"North Yorkshire"
YO8	"East Riding of Yorkshire"
YO8	"North Yorkshire"
YO90	"North Yorkshire"
YO91	"North Yorkshire"
YO95	"East Riding of Yorkshire"
